宏源证券股份有限公司,宏源证券
东北证券股份有限公司,东北证券
国元证券股份有限公司,国元证券
国海证券股份有限公司,国海证券
广发证券股份有限公司,广发证券
长江证券股份有限公司,长江证券
国金证券股份有限公司,国金证券
太平洋证券股份有限公司,太平洋证券
海通证券股份有限公司,海通证券
西南证券股份有限公司,西南证券
中信证券股份有限公司,中信证券
国泰君安证券股份有限公司,国泰君安
招商证券股份有限公司,招商证券
中国国际金融股份有限公司,中金公司
湘财证券股份有限公司,湘财证券
华创证券有限责任公司,华创证券
民生证券股份有限公司,民生证券
财富证券有限责任公司,财富证券
万联证券股份有限公司,万联证券
国盛证券有限责任公司,国盛证券
华林证券股份有限公司,华林证券
信泰证券有限责任公司,信泰证券
德邦证券股份有限公司,德邦证券
东莞证券股份有限公司,东莞证券
新时代证券股份有限公司,新时代证券
华福证券有限责任公司,华福证券
中泰证券股份有限公司,中泰证券
东方证券股份有限公司,东方证券
中原证券股份有限公司,中原证券
工商东亚证券有限公司,工商东亚证券有限公司
西部证券股份有限公司,西部证券
上海证券有限责任公司,上海证券
华鑫证券有限责任公司,华鑫证券
华安证券股份有限公司,华安证券
华西证券股份有限公司,华西证券
中国银河证券股份有限公司,中国银河
东洋证券亚洲有限公司,东洋证券亚洲
开源证券股份有限公司,开源证券
内藤证券株式会社,内藤证券
国都证券股份有限公司,国都证券
大通证券股份有限公司,大通证券
渤海证券股份有限公司,渤海证券
东吴证券股份有限公司,东吴证券
第一创业证券股份有限公司,第一创业
华龙证券股份有限公司,华龙证券
国联证券股份有限公司,国联证券
中国民族证券有限责任公司,中国民族证券
宏源证券股份有限公司国际部,宏源证券国际部
光大证券股份有限公司,光大证券
中天证券股份有限公司,中天证券
中信建投证券股份有限公司,中信建投证券
财达证券股份有限公司,财达证券
中信证券(浙江)有限责任公司,中信证券(浙江)
首创证券有限责任公司,首创证券
东海证券股份有限公司,东海证券
中山证券有限责任公司,中山证券
天风证券股份有限公司,天风证券
长城证券股份有限公司,长城证券
爱建证券有限责任公司,爱建证券
平安证券股份有限公司,平安证券
中信证券(山东)有限责任公司,中信证券(山东)
山西证券股份有限公司,山西证券
财通证券股份有限公司,财通证券
联讯证券股份有限公司,联讯证券
华泰证券股份有限公司,华泰证券
国泰君安证券股份有限公司国际部,国泰君安证券股份有限公司国际部
广州证券股份有限公司,广州证券
海通证券股份有限公司国际部,海通证券国际部
东方证券股份有限公司东方资财,东方证券股份有限公司东方资财
东方证券股份有限公司国际部,东方证券股份有限公司国际部
中国中投证券有限责任公司,中投证券
摩根大通证券,摩根大通证券
万和证券股份有限公司,万和证券
西藏东方财富证券股份有限公司,东方财富证券
方正证券股份有限公司,方正证券
浙商证券股份有限公司,浙商证券
五矿证券有限公司,五矿证券
联合证券有限责任公司国际部,联合证券国际部
宏信证券有限责任公司,宏信证券
兴业证券股份有限公司,兴业证券
安信证券股份有限公司,安信证券
麦格理资本股份有限公司,麦格理资本
国海证券股份有限公司国际部,国海证券国际部
红塔证券股份有限公司,红塔证券
天同证券有限责任公司国际部,天同证券国际部
山西证券股份有限公司国际部,山西证券国际部
英大证券有限责任公司,英大证券
银泰证券有限责任公司,银泰证券
信达证券股份有限公司,信达证券
南京证券股份有限公司国际部,南京证券国际部
华融证券股份有限公司,华融证券
东兴证券股份有限公司,东兴证券
群益证券股份有限公司,群益证券
南京证券股份有限公司,南京证券
华金证券股份有限公司,华金证券
海通国际证券集团有限公司,海通国际
江海证券有限公司,江海证券
中德证券有限责任公司,中德证券
华宝证券有限责任公司,华宝证券
国信证券股份有限公司,国信证券
金元证券股份有限公司,金元证券
恒泰证券股份有限公司,恒投证券
中邮证券有限责任公司,中邮证券
中航证券有限公司,中航证券
大通证券股份有限公司国际部,大通证券国际部
平安证券有限责任公司国际部,平安证券国际部
国联证券股份有限公司国际部,国联证券国际部
汉唐证券有限责任公司国际部,汉唐证券国际部
"Merrill Lynch & Co., Inc.",美林证券
华安证券有限责任公司,华安证券有限责任
广州证券有限责任公司,广州证券
申万宏源证券有限公司,申万宏源证券
申万宏源西部证券有限公司,申万宏源西部证券
世纪证券有限责任公司,世纪证券
长城国瑞证券有限公司,长城国瑞
长江证券（上海）资产管理有限公司,长江证券资管
长江证券承销保荐有限公司,长江证券承销保荐
川财证券有限责任公司,川财证券
大同证券有限责任公司,大同证券
第一创业摩根大通证券有限责任公司,第一创业摩根大通
东方花旗证券有限公司,东方花旗证券
高盛高华证券有限责任公司,高盛高华
广发证券资产管理（广东）有限公司,广发证券资管
国融证券股份有限公司,国融证券
恒泰长财证券有限责任公司,恒泰长财
华泰联合证券有限责任公司,华泰联合
华泰证券（上海）资产管理有限公司,华泰证券（上海）
华英证券有限责任公司,华英证券
华菁证券有限公司,华菁证券
金通证券有限责任公司,金通证券
九州证券股份有限公司,九州证券
摩根士丹利华鑫证券有限责任公司,摩根士丹利华鑫证券
上海华信证券有限责任公司,华信证券
申港证券股份有限公司,申港证券
申万宏源证券承销保荐有限责任公司,申万宏源证券承销保荐
中信证券（山东）有限责任公司,中信证券（山东）
海际证券有限责任公司,海际证券
联储证券有限责任公司,联储证券
齐鲁证券（上海）资产管理有限公司,齐鲁证券（上海）资管
瑞信方正证券有限责任公司,瑞信方正
瑞银证券有限责任公司,瑞银证券
网信证券有限责任公司,网信证券
北京高华证券有限责任公司,高华证券
中汇证券有限公司,中汇证券
四川大川证券经纪公司,大川证券
华侨证券私人有限公司,华侨证券私人
广东证券股份有限公司肇庆营业处,广东证券肇庆营业处
东方惠嘉证券有限公司,东方惠嘉证券
中煤证券股份有限公司,中煤证券
利贯交易网亚洲有限公司,利贯交易
SMBC Nikko Securities (Hong Kong) Limited,SMBC NIKKO
8 Securities Limited,8 SEC
安裕证券投资有限公司,安裕证券
统一综合证券股份有限公司,统一综合证券
富强证券有限公司,富强证券
安信国际证券(香港)有限公司,安信香港
东海东京证券(亚洲)有限公司,东海东京
宏远证券股份有限公司,宏远(吉祥)证券
澳新证券(香港)有限公司,澳新证券
东金证券有限公司,东金证券
广东证券股份有限公司顺德营业处,广东证券顺德营业处
Credit Suisse Securities(Europe)Limited,Credit Suisse Europe
国元证券股份有限公司淮北证券部,国元证券淮北证券部
恒山证券有限公司,恒山证券
皇朝证券有限公司,皇朝证券
大新证券有限公司,大新证券
大和证券有限公司,大和证券
瑞穗证券股份有限公司,瑞穗证券
Susquehanna Hong Kong Limited,SIG
江西世纪证券公司,江西世纪证券
河南财政证券公司,河南财政
中金三甲证券有限公司,中金三甲
方正证券平海路二部,方正证券平海路二部
永业证券有限公司,永业证券
国信证券有限公司绵阳部,国信证券绵阳部
比富达证券(香港)有限公司,比富达
中辰证券有限公司,中辰证券
广发证券财富管理中心,广发证券财富管理中心
申银万国证券股份有限公司自营部,申银万国自营部
永生证券有限公司,永生证券
中国平安证券(香港)有限公司,平安证券(香港)
发展证券香港有限公司,发展证券香港
中国国际金融(香港)有限公司,中金(香港)公司
国信证券有限公司深圳一部,国信证券深圳一部
新伟高证券有限公司,新伟高证券
溢胜证券亚洲有限公司,溢胜证券
中信证券经纪(香港)有限公司,中信证券经纪
华侨证券(香港)有限公司,华侨证券(香港)
上海万国证券公司发行部,万国证券发行部
世纪证券有限责任公司上海营销中心,世纪证券上海营销中心
美国银行美林公司,美银美林
中信资本证券有限公司,中信资本证券
南方证券有限公司天津代办处,南方证券天津代办处
苏州市金融市场证券部,苏州金融市场证券部
艾维恩证券有限公司,艾维恩
国元证券股份有限公司芜湖证券部,国元证券芜湖证券部
中金证券有限公司,中金证券
晓丰证券有限公司,晓丰证券
倍利浩昌证券有限公司,倍利浩昌证券
亨泰证券有限公司,亨泰证券
大展证券股份有限公司,大展证券
汇丰证券公司,汇丰证券
和升国际有限公司,和升国际
中航证券有限公司共青证券部,中航证券共青证券部
汇涛证券有限公司,汇涛证券
群益金鼎证券股份有限公司,群益金鼎证券
康和综合证券股份有限公司,康和综合证券
招商证券股份有限公司研发中心,招商证券研发中心
国元证券股份有限公司合肥证券二部,国元证券合肥证券二部
常林证券有限公司,常林证券
巴克莱资本公司,巴克莱资本
第一创业证券股份有限公司证投部,第一创业证券证投部
派杰亚洲证券有限公司,派杰亚洲证券
农银国际证券有限公司,农银国际证券
华晋证券资产管理有限公司,华晋证券
国票证券(香港)股份有限公司,国票证券(香港)
ETF Securities (HK) Limited,ETF SECURITIES (HK)
敏哲证券有限公司,敏哲证券
极讯亚太有限公司,极讯亚太
铠盛证券有限公司,铠盛证券
香港新鸿基证券有限公司,新鸿基证券
法国兴业高诚证券有限公司,法国兴业高诚证券
高盛证券有限公司,高盛证券
上海华信证券有限责任公司北京办公室,上海华信证券北京办公室
致和证券股份有限公司,致和证券
摩根士丹利香港证券有限公司,摩根士丹利香港
乐金证券株式会社,乐金证券
汇富证券有限公司,汇富证券
宝来证券(香港)有限公司,宝来证券香港
国信证券(香港)经纪有限公司,国信证券(香港)
国元证券股份有限公司滁州证券部,国元证券滁州证券部
中国北方证券集团有限公司,中国北方
汇金(证券)有限公司,汇金证券
广发证券股份有限公司资产托管部,广发证券资产托管部
宝来证券股份有限公司,宝来证券
东方证券(香港)有限公司,东方证券(香港)
太平证券(香港)有限公司,太平证券
张氏证券有限公司,张氏证券
东海证券股份有限公司债券发行部,东海证券债券发行部
华创证券经纪有限公司国际部,华创证券经纪国际部
平安证券有限公司,平安证券有限
高锋证券有限公司,高锋证券
银通证券有限责任公司,银通证券
美国飞利凯睿证券有限公司,飞利凯睿
国元证券股份有限公司淮南证券部,国元证券淮南证券部
国元证券股份有限公司芜湖(办)证券部,国元证券芜湖(办)证券部
广发华福证券股份有限公司营业厅,广发华福证券营业厅
深圳经济特区证券公司沈阳分部,深圳经济特区证券沈阳分部
利通证券有限公司,利通证券
百达利证券有限公司,百达利证券
顺隆证券有限公司,顺隆证券
西部证券股份有限公司国际部,西部证券国际部
牡丹江市证券公司第一股票交易厅,牡丹江证券第一股票交易厅
日兴证券(亚洲)有限公司,日兴证券(亚洲)
大通证券股份有限公司电子商务部,大通证券电子商务部
培基证券有限公司,培基证券
得士可证券香港有限公司,得士可证券香港
周生生证券有限公司,周生生证券
长江证券股份有限公司清算中心,长江证券清算中心
海裕证券有限公司,海裕证券
招商证券深圳振华路部,招商证券深圳振华路部
双龙投资证券(亚洲)有限公司,双龙投资证券(亚洲)
海南港澳证券公司,港澳证券
怡安奔福证券公司,怡安奔福
东方汇富证券有限公司,东方汇富证券
广东证券股份有限公司南海营业处,广东证券南海营业处
大亚证券有限公司,大亚证券
美国银行证券亚洲有限公司,美国银行证券亚洲
法国巴黎百富勤融资有限公司,法国巴黎百富勤融资
日本绿色证券公司,绿色证券
华生证券有限公司,华生证券
软库港证券有限公司,软库港证券
荷合证券香港有限公司,荷合证券
摩根士丹利亚洲投资有限公司,摩根士丹利亚洲投资
兆富证券有限公司,兆富证券
海疆同省证券公司,海疆同省证券
交银国际证券有限公司,交银国际
卡尔扬证券公司,卡尔扬证券
第一证券有限责任公司,第一证券公司
信瀚证券有限公司,信瀚证券
凯基证券股份有限公司,凯基证券
汇丰证券经纪(亚洲)有限公司,汇丰证券经纪(亚洲)
富国证券株式会社,富国证券株式
香港按揭证券有限公司,香港按揭证券
广东证券潮州营业处,广东证券潮州营业处
诺斯兰证券公司,诺斯兰证券
平安证券有限公司投资银行部,平安证券投资银行部
国信证券有限公司武汉部,国信证券武汉部
汕头证券公司基金部,汕头证券基金部
河南证券有限责任公司,河南证券
Cowen Structured Products Hong Kong Limited,COWEN STRUCTURED
益华证券有限公司,益华证券
美银证券有限公司,美银证券
深圳证券通信有限公司,深圳证券通信公司
大宇证券(美国)有限公司,大宇证券美国
科技证券天津赤峰道部,科技证券天津赤峰道部
东盛证券有限公司,东盛证券
邦盟汇骏证券有限公司,邦盟汇骏
Tibra Trading Hong Kong Limited,TIBRA
北方证券有限责任公司,北方证券
东吴证券股份有限公司经纪业务事业部,东吴证券经纪业务事业部
中国大鹏证券(香港)有限公司,大鹏证券(香港)
统一证券(香港)有限公司,统一证券
新疆证券有限责任公司,新疆证券
法国巴黎百富勤证券有限公司,巴黎百富勤证券
时富证券有限公司,时富证券
国信证券有限公司北京部,国信证券北京部
大盛证券投资有限公司,大盛证券
深圳经济特区证券公司国际部,深圳经济特区证司国际部
江苏财政证券公司,江苏财政
裕安证券有限公司,裕安证券
侨立证券有限公司,侨立证券
所罗门美邦香港有限公司,所罗门美邦香港
坚固证券有限公司,坚固证券
富邦证券(香港)有限公司,富邦证券
永富证券有限公司,永富证券
第一证券有限公司情侣中路部,第一证券情侣中路部
阿波罗全球证券公司,阿波罗全球证券
广发北方证券经纪有限责任公司,广发北方证券
牡丹江市证券公司,牡丹江证券
元富证券股份有限公司,元富证券
光大证券股份有限公司上海清算中心,光大证券上海清算中心
海生证券有限公司,海生证券
三菱日联摩根士丹利证券股份有限公司,三菱日联摩根士丹利证券
永丰金证券(亚洲)有限公司,永丰金
泓福证券有限公司,泓福证券
百德能经纪有限公司,百德能经纪
齐荣证券有限公司,齐荣证券
翰德证券有限公司,翰德证券
快环球国际有限公司,快环球
亿创证券有限公司,亿创证券
莎利士堡证券有限公司,莎利士堡证券
金英证券(香港)有限公司,金英证券
晋安证券有限公司,晋安证券
浩威证券亚洲有限公司,浩威证券亚洲
广州证券广州先烈中路部,广州证券先烈中路部
国海证券有限责任公司(注销),国海证券公司
万金来证券有限公司,万金来
Chi Capital Securities Limited,CHI CAPITAL
百利达证券有限公司,百利达证券
中国国际金融香港证券有限公司,中国国际
花旗环球金融亚洲有限公司,花旗环球金融亚洲
新富证券有限公司,新富证券
新华证券有限责任公司,新华证券
宝来资本(亚洲)有限公司,宝来资本
汇丰金融证券(香港)有限公司,汇丰金融
上海申银证券有限公司,申银证券
道亨证券有限公司,道亨证券
汇业证券有限公司,汇业证券
天津证券有限责任公司,天津证券
陕西证券有限责任公司,陕西证券
百德能证券有限公司,百德能
皇冠证券有限公司,皇冠证券
胜利证券有限公司,胜利证券有限
汇诚证券有限公司,汇诚证券
齐齐哈尔市证券有限公司,齐齐哈尔证券
恒通证券有限责任公司,恒通证券
钧宝证券有限公司,钧宝证券
中发证券有限公司,中发证券
万利丰证券有限公司,万利丰
富通证券有限公司,富通证券
中富证券有限责任公司国际部,中富证券国际部
中国中投证券有限责任公司深圳交易管理中心,中国中投证券深圳交易管理中心
贵州证券公司,贵州证券
巴西证券有限公司,巴西证券
陈岳明证券有限公司,陈岳明
凯基证券(香港)有限公司,凯基证券(香港)
新基立证券有限公司,新基立
珠海证券有限公司,珠海证券
大连市财政证券公司,大连财政
亚华证券有限公司,亚华证券
东莞证券股份有限公司国际部,东莞证券国际部
永高证券有限公司,永高证券
凯基证券亚洲有限公司,凯基证券亚洲
怡发证券有限公司,怡发证券
伟民证券有限公司,伟民证券
利高证券有限公司,利高证券
星光证券有限公司,星光证券
帝杰亚洲有限公司,帝杰亚洲
丰敏证券有限公司,丰敏证券
国元证券股份有限公司阜阳证券部,国元证券阜阳证券部
阳光资本证券有限公司,阳光资本
广东证券股份有限公司梅州营业处,广东证券梅州营业处
中国证券控股有限公司,中国证券控股
招银国际金融有限公司,招银国际金融
广东证券股份有限公司韶关营业处,广东证券韶关营业处
海南财政证券公司,海南财政证券
天一证券有限责任公司国际部,天一证券国际部
中富证券有限责任公司,中富证券
上海财政证券公司,上海财政
牡丹江市证券公司登记部,牡丹江证券登记部
国泰君安证券股份有限公司资产托管部,国泰君安资产部
金銮证券有限公司,金銮证券
鸿升证券有限公司,鸿升证券
北京财政证券公司,北京财政
国际金融社证券有限公司,国际金融社证券
金鼎综合证券(香港)有限公司,金鼎综合证券(香港)
国中证券有限公司,国中证券
荣通证券有限公司,荣通证券
祺昌证券有限公司,祺昌证券
大宇证券(东京)有限公司,大宇证券东京
山西证券股份有限公司汾酒证券部,山西证券汾酒证券部
永胜证券有限公司,永胜证券
冈三证券股份有限公司,冈三证券
德恒证券有限责任公司,德恒证券
唯高达香港证券有限公司,唯高达香港证券
Genting Securities Limited,GENTING SECURITIES
上海远东证券有限公司,远东证券
金榜证券控股有限公司,金榜证券控股
中国泛海证券有限公司,中国泛海证券
巴黎巴亚洲证券有限公司,巴黎巴亚洲证券
包大卫证券投资有限公司,包大卫
浙江第一证券有限公司,浙江第一
T&F Equities Limited,T & F
聚富证券有限公司,聚富证券
中保集团证券有限公司,中保集团
好盈证券有限公司,好盈证券
加福证券有限公司,加福
富欣证券有限公司,富欣证券
骏溢证券有限公司,骏溢证券
朗盈证券有限公司,朗盈证券
中国民族证券有限责任公司大桥证券部,中国民族证券大桥证券部
瑞穗证券亚洲有限公司,瑞穗证券亚洲
湖南省郴州证券公司,彬州证券
中信证券国际有限公司,中信证券国际
耀才证券国际(香港)有限公司,耀才证券国际(香港)
创兴证券有限公司,创兴证券
华龙证券股份有限公司国际部,华龙证券国际部
上海万国证券公司,万国证券
黑龙江省证券公司,黑龙江证券
中信建投(国际)证券有限公司,中信建投
湛江证券有限责任公司,湛江证券
西北证券有限责任公司,西北证券
天和证券经纪有限公司,天和证券
山西证券股份有限公司北京研究中心,山西证券北京研究中心
国泰证券有限公司,国泰证券
第一证券有限公司紫荆路部,第一证券紫荆路部
民安证券有限责任公司,民安证券
鞍山市财政证券公司,鞍山财政证券
达利证券有限公司,达证证券
中国荟智证券有限公司,中国荟智
新宝城证券有限公司,新宝城
飞达证券有限公司,飞达证券
富盛证券有限公司,富盛证券
湖南邵阳市证券公司,邵阳证券
基裕证券有限公司,基裕证券
英高证券有限公司,英高证券
百裕证券有限公司,百裕证券
发利证券有限公司,发利证券
澳丰证券香港有限公司,澳丰证券
美建证券有限公司,美建证券
新加坡发展亚洲融资有限公司,新加坡亚洲融资
甘肃证券有限责任公司武都路证券交易营业一部,甘肃证券武都路证券交易营业一部
宝鸡证券公司,宝鸡证券
大众证券有限公司,大众证券
协和证券有限公司,协和证券
大发证券(香港)有限公司,大发证券
怡富证券有限公司,怡富证券
康和证券(香港)有限公司,康和证券
京华证券国际有限公司,京华证券
恒大证券(香港)有限公司,恒大证券(香港)
凯思证券有限公司,凯思证券
中国国际金融有限公司销售部,中金公司销售部
德盛证券有限公司,德盛证券
华信证券有限公司,华信证券有限
致德证券有限公司,致德证券
丹东证券公司,丹东证券
咏谊证券投资有限公司,咏谊证券
辽宁省证券有限责任公司,辽宁证券
德裕金号证券有限公司,德裕金号证券
国民证券株式会社,国民证券
新加坡大华亚洲(香港)有限公司,新加坡大华亚洲（香港）
富业证券投资有限公司,富业证券投资
力宝证券有限公司,力宝证券
富友证券经纪有限责任公司,富友证券
联合证券有限责任公司华诚天津,联合证券华诚天津
包戴维证券投资有限公司,包戴维
第一证券有限公司凤凰路部,第一证券凤凰路部
星晨证券有限公司,星晨证券
佐雄证券有限公司,佐雄证券
浩诚证券有限公司,浩诚证券
同德证券(香港)有限公司,同德证券
第一金证券股份有限公司,第一金证券
成都财盛证券公司,财盛证券
中期证券经纪有限责任公司,中期证券
东泰证券有限公司,东泰证券
乐金投资证券公司,乐金投资证券
华莱证券有限公司,华莱证券
汇盈证券有限公司,汇盈证券
大和证券盛民博昌(香港)有限公司,大和证券盛民博昌
西安证券有限责任公司,西安证券
申银万国网上证券(香港)有限公司,申银万国网上证券
软库中华金融服务有限公司,软库中华金融服务
Man Financial Securities (HK) Ltd.,Man Financial Securities (HK)
昆泰证券(金银)有限公司,昆泰
益高证券有限公司,益高证券
海南省证券有限责任公司,海南证券
美国雷曼兄弟证券亚洲有限公司,美国雷曼兄弟证券
路华证券有限公司,路华证券
华安证券股份有限公司国际部,华安证券国际部
大众综合证券股份有限公司,大众综合证券
加拿大怡东融资有限公司,加拿大怡东融资
东洋证券株式会社,东洋证券
大同证券公司新平旺营业厅,大同证券新平旺营业厅
长江证券股份有限公司托管工作组,长江证券托管工作组
金汇证券有限公司,金汇证券
汇泽证券有限公司,汇泽证券
新光证券(香港)有限公司,新光证券
汕头证券股份有限公司,汕头证券
颖翔证券有限公司,颖翔证券
富国证券有限公司,富国证券
信泰证券有限责任公司江苏金信,信泰证券江苏金信
联胜网上证券有限公司,联胜网上
大福证券有限公司,大福证券
广东民安证券经纪有限责任公司国际部,广东民安证券经纪国际部
广东证券股份有限公司茂名营业处,广东证券茂名营业处
申新证券有限公司,申新证券
东汇证券有限公司,东汇证券
太平洋皇冠证券公司,太平洋皇冠
海通证券股份有限公司定管部,海通证券定管部
国开证券有限责任公司国际部,国开证券国际部
瑞士信贷证券(美国)有限公司,瑞士信贷证券美国
盈富证券有限公司,盈富证券
联成证券有限公司,联成证券
云南证券有限责任公司,云南证券
法国巴黎证券(亚洲)有限公司,巴黎证券(亚洲)
中华太平洋证券有限公司,中华太平洋证券
联发证券有限公司,联发证券
野村证券株式会社,野村证券
卓诚证券有限公司,卓诚证券
永丰金证券股份有限公司,永丰金证券
泓通海证券有限公司,泓通海证券
兴旺证券有限公司,兴旺证券
大庆证券股份有限公司,大庆证券
中航证券有限公司深圳电子商务中心,中航证券深圳电子商务中心
电讯数码证券有限公司,电讯数码
法国巴黎证券公司,巴黎证券
中信里昂证券有限公司,中信里昂
南方证券股份有限公司,南方证券
富银证券(香港)有限公司,富银证券(香港)
吉尔夫德证券公司,吉尔夫德证券
通陆证券有限公司,通陆证券
万信证券有限公司,万信证券
苏佩瓒证券有限公司,苏佩瓒
荷银融资亚洲有限公司,荷银融资亚洲
国元证券股份有限公司铜陵证券部,国元证券铜陵证券部
世纪证券有限责任公司成都营销中心,世纪证券成都营销中心
大德证券(亚洲)有限公司,大德证券
联兴证券有限公司,联兴证券
兴安证券有限责任公司,兴安证券
永盛证券投资有限公司,永盛证券
步基证券有限公司,步基证券
广东证券阳江漠江路部,广东证券阳江漠江路部
协联证券有限公司,协联证券
立生证券有限公司,立生证券
金华证券有限公司,金华证券
华夏证券股份有限公司,华夏证券
黑龙江省财政证券公司,黑龙江财政证券
大华证券(香港)有限公司,大华证券
天一证券有限责任公司,天一证券
嘉信证券有限公司,嘉信证券
国信证券有限公司深圳市二部,国信证券深圳市二部
结好证券有限公司,结好证券
恒信证券有限责任公司,恒信证券
环球证券有限公司,环球证券
实德证券有限公司,实德证券
景福证券有限公司,景福证券
甘肃证券有限责任公司,甘肃证券
新日本证券株式会社,新日本证券
泰山证券有限公司,泰山证券
兴亚证券有限公司,兴亚证券
卓越证券有限公司,卓越证券
湖南株州证券公司,株州证券
瑞士联合银行香港证券有限公司,瑞士联合银行香港证券
兆安证券有限公司,兆安证券
国元证券经纪(香港)有限公司,国元证券经纪
恒丰证券有限公司,恒丰证券
富益证券有限公司,富益证券
天同证券有限责任公司,天同证券
青岛财政证券公司,青岛财政证券
国信证券有限公司成都部,国信证券成都部
益群证券有限公司,益群证券
天勤证券经纪有限公司,天勤证券
中关村证券股份有限公司,中关村证券
闽发证券有限责任公司,闽发证券
华伯特证券(香港)有限公司,华伯特证券
广东证券股份有限公司,广东证券
第一证券(香港)有限公司,第一证券(香港)
烟台市证券公司,烟台证券
华侨永亨证券有限公司,华侨永亨证券
辽宁东方证券公司,辽宁东方证券
先锋证券有限公司,先锋证券
义发证券有限公司,义发证券
星展唯高达网上证券(香港)有限公司,星展唯高达网上证券
金山投资(香港)有限公司,金山投资
盈泰证券有限公司,盈泰证券
世博证券有限公司,世博证券
市民证券有限公司,市民证券
宏昌证券有限公司,宏昌证券
大和资本市场香港有限公司,大和资本
平安证券有限责任公司国债部(非营业场所),平安证券国债部(非营业场所)
第一证券有限公司吉大部,第一证券吉大部
盈透证券香港有限公司,盈透证券
桂洪证券有限公司,桂洪证券
法国农业信贷银行证券公司,法国农业信贷银行证券
台证证券(香港)有限公司,台证证券
汇讯数码证券有限公司,汇讯数码证券
比联证券香港有限公司,比联证券
健桥证券股份有限公司,健桥证券
富昌证券有限公司,富昌证券
佳隆证券有限公司,佳隆证券
国信证券有限公司深圳市三部,国信证券深圳市三部
佳明证券有限公司,佳明证券
满好证券有限公司,满好证券
哈尔滨证券公司,哈尔滨证券
伟富证券有限公司,伟富证券
财通证券股份有限公司融资融券部,财通证券融资融券部
文汉扬证券有限公司,文汉扬
华夏证券有限公司上海代办处,华夏证券上海代办处
农银证券有限公司,农银证券
德意志摩根建富(香港)证券有限公司,德意志摩根建富(香港)证券
万达基证券有限公司,万达基
厚德证券有限公司,厚德证券
溢利证券有限公司,溢利证券
花旗环球金融有限公司,花旗环球金融
美联证券有限公司,美联证券
富途证券国际(香港)有限公司,富途证券
环球西域证券有限公司,环球西域证券
第一证券有限公司斗门部,第一证券斗门部
中国信托综合证券(香港)有限公司,中国信托
宝通证券亚洲有限公司,宝通证券
亿宝证券有限公司,亿宝证券
重庆有价证券公司,重庆有价证券
汇亚证券(亚洲)有限公司,汇亚证券
汉唐证券有限责任公司,汉唐证券
万兴证券有限公司,万兴证券
亚洲证券有限责任公司,亚洲证券
摩根大通证券(远东)有限公司,摩根大通证券（远东）
武汉证券有限责任公司,武汉证券
咏明证券有限公司,咏明证券
利铭证券有限公司,利铭证券
越秀证券控股有限公司,越秀证券
光大证券股份有限公司深圳部,光大证券深圳部
君安证券有限责任公司,君安证券
加怡证券经纪有限公司,加怡证券
佳木斯市证券有限责任公司,佳木斯证券
丰年证券投资有限公司,丰年证券
万隆行证券有限公司,万隆行证券
宁夏证券股份有限公司,宁夏证券
和丰证券有限公司,和丰证券
嘉佳证券有限公司,嘉佳证券
中国光大证券国际有限公司,光证国际
华辉证券有限公司,华辉证券
国信证券有限公司哈尔滨部,国信证券哈尔滨部
麦格理证券(亚洲)有限公司,麦格理证券亚洲
镇江市财政证券公司,镇江财政证券
恒升证券有限公司,恒升证券
第一证券有限公司,第一证券
江西省证券公司,江西证券
大和证券投资信托委托株式会社,大和投信
嘉诚证券有限公司,嘉诚证券
罗沙证券有限公司,罗沙证券
武汉证券深圳深南中路部,武汉证券深圳深南中路部
利达时证券有限公司,利达时
亚洲太平证券有限公司,亚洲太平
摩根史丹利证券(香港)公司,摩根史丹利证券(香港)
野村证券(香港)有限公司,野村证券(香港)
中润证券有限公司,中润证券
标准证券亚洲有限公司,标准证券
泰阳证券有限责任公司,泰阳证券
荣达证券有限公司,荣达证券
海口市财政证券公司,海口财政
中方证券有限公司,中方证券
广发证券股份有限公司(注销),广发证券(注销)
REDBURN PARTNERS LLP,REDBURN PARTNERS
联昌国际证券(香港)有限公司,联昌国际证券
建银国际证券有限公司,建银国际证券
高升证券有限公司,高升证券
方正证券股份有限公司国际部,方正证券国际部
兴伟联合证券有限公司,兴伟联合
一中证券有限公司,一中证券
鞍山证券公司,鞍山证券
方正证券股份有限公司重庆市渝北区,方正证券重庆市渝北区
遵义金泰证券有限公司,金泰证券
大鹏证券有限责任公司,大鹏证券
里昂证券资本市场有限公司,里昂证券
威发证券有限公司,威发证券
信诚证券有限公司,信诚证券
柏毅证券有限公司,柏毅证券
金鼎综合证券公司,金鼎综合证券
广东证券股份有限公司中山营业处,广东证券中山营业处
银泰证券有限责任公司国际部,银泰证券国际部
日本日联飞翼证券股份有限公司,日联飞翼证券
华诚证券有限公司,华诚证券
建丰证券有限公司,建丰证券
汇达证券有限公司,汇达证券
江陆证券有限公司,江陆证券
北京证券有限公司,北京证券
港股通证券有限公司,港股通证券
长城证券股份有限公司深圳三部,长城证券深圳三部
长城证券股份有限公司深圳二部,长城证券深圳二部
长城证券股份有限公司深圳一部,长城证券深圳一部
长城证券股份有限公司成都天晖中街证券部,长城证券天晖中街部
方正证券(香港)有限公司,方正证券(香港)
泰嘉证券资产管理有限公司,泰嘉证券
大宇证券株式会社,大宇证券
三星证券株式会社,三星证券
恒通证券有限公司,恒通证券(香港）
亿创证券(香港)有限公司,亿创证券(香港)
世纪城市证券有限公司,世纪城市证券
孔氏兄弟有限公司(孔氏证券公司),孔氏兄弟
富必证券有限公司,富必证券
新宇证券(香港)有限公司,新宇证券
招银国际证券有限公司,招银国际证券
大丰崑泰证券有限公司,大丰崑泰
加褔证券有限公司,加褔证券
合盈证券(香港)有限公司,合盈证券(香港)
同亨证券有限公司,同亨证券
太平洋明珠证券有限公司,太平洋明珠
太平洋兴业证券有限公司,太平洋兴业
韶辉证券有限公司,韶辉证券
赛格国际证券(香港)有限公司,赛格国际(香港)
董诗股票有限公司,董诗股票
盈丰证券有限公司,盈丰证券
南华证券投资有限公司,南华证券
黎宝鸿证券有限公司,黎宝鸿证券
华南永昌证券(香港)有限公司,华南永昌证券
长江证券经纪(香港)有限公司,长江证券经纪
申万宏源证券(香港)有限公司,申万宏源证券(香港)
大同证券有限责任公司国际部,大同证券国际部
北京证券有限责任公司,北京证券有限
高盛集团有限公司,高盛
国金证券有限责任公司(注销),国金证券(注销)
东北证券有限责任公司(注销),东北证券(注销)
长江证券有限责任公司(注销),长江证券(注销)
国元证券有限责任公司(注销),国元证券(注销)
招商证券国际有限公司,招商证券国际
中国银河国际证券(香港)有限公司,银河证券(香港)
富明证券有限公司,富明证券
西贡证券,西贡证券
横华国际证券有限公司,横华国际证券
国元证券(香港)有限公司,国元证券(香港)
中泰国际证券有限公司,中泰国际证券
华业证券有限公司,华业证券
双龙证券有限公司,双龙证券
融德证券有限公司,融德证券
福财控股有限公司,福财控股
大信证券(株),大信证券
东部证券股份有限公司,东部证券
英明证券有限公司,英明证券
Commerz Securities Hong Kong Limited,COMMERZ
安里证券有限公司,安里证券
青石证券(香港)有限公司,青石证券(香港)
新时代证券股份有限公司国际部,新时代证券国际部
鼎石证券有限公司,鼎石证券
伟禄美林证券有限公司,伟禄美林证券
中泰证券股份有限公司国际部,中泰证券国际部
IBK投资证券株式会社,IBK投资
国泰证券(香港)有限公司,国泰香港
美林远东有限公司,美林远东
中财证券有限公司,中财证券
树熊证券有限公司,树熊证券
韩国投资证券株式会社,韩国投资证券
富力鑫证券有限公司,富力鑫证券
中信证券股份有限公司B股交易中心,中信证券B股交易中心
东海证券股份有限公司国际部,东海证券国际部
兴业金融证券有限公司,兴业金融
鼎佩证券有限公司,鼎佩证券有限
昆仑国际证券(香港)有限公司,昆仑国际
盛德证券有限公司,盛德证券
安徽省财政证券公司,安徽财政证券
大连证券有限责任公司,大连证券
哈尔滨财政证券公司,哈尔滨财政证券
河北证券有限责任公司,河北证券
昆仑证券有限责任公司,昆仑证券
辽宁锦州证券公司,锦州证券
辽阳财政证券公司,辽阳财政
五洲证券有限公司,五洲证券
铁岭财政证券公司,铁岭财政
长春市财政证券公司,长春财政
浙江财政证券公司,浙江财政
营口证券公司,营口证券
未来资产证券株式会社,未来资产证券
中信证券(山东)有限责任公司国际部,中信证券(山东)国际部
天元证券经纪有限责任公司,天元证券
鼎佩证券控股有限公司,鼎佩证券
博恩证券有限公司,博恩证券
万光证券有限公司,万光证券
香港天富宝证券有限公司,香港天富宝
万诚证券有限公司,万诚证券
常汇证券有限公司,常汇证券
第一上海证券有限公司,第一上海证券
世灏证券有限公司,世灏证券
云锋金融市场有限公司,云锋市场
国新证券有限公司,国新证券
财通国际证券有限公司,财通国际
高诚证券有限公司,高诚证券
元大证券(香港)有限公司,元大证券(香港)
宝钜证券有限公司,宝钜证券
天大证券有限公司,天大证券
中国中期证券有限公司,中国中期证券
加多利证券有限公司,加多利证券
香港证券(国际)有限公司,香港证券
首控证券有限公司,首控证券
长复证券有限公司,长复证券
奕丰证券(香港)有限公司,奕丰证券(香港)
大宇证券(香港)有限公司,大宇证券香港
昌利证券有限公司,昌利证券
东兴证券(香港)有限公司,东兴证券香港
鼎新证券有限公司,鼎新证券
国融证券财富管理中心,国融证券财富中心
西藏东方财富证券股份有限公司国际部,西藏东方财富证券国际部
中天证券股份有限公司国际部,中天证券国际部
群益证券(香港)有限公司,群益证券
公平证券有限公司,公平证券
智华证券有限公司,智华证券
法国兴业证券(香港)有限公司,法国兴业
渣打证券(香港)有限公司,渣打证券
晋商证券有限公司,晋商证券
国泰君安证券(香港)有限公司,国泰君安香港
中港金融资产管理有限公司,中港金融
富荣证券集团有限公司,富荣证券
广利证券有限公司,广利证券
贝格隆证券有限公司,贝格隆
财华证券有限公司,财华证券
中国保盛证券有限公司,中国保盛证券
复华证券(香港)有限公司,复华香港
兴业证券股份有限公司河南公司,兴业证券河南公司
DBS Vickers Securities Singapore  Pte Ltd,DBS Vickers
野村证券国际公司,野村证券国际
雅利多证券有限公司,雅利多证券
立桥证券有限公司,立桥证券
中国光大证券(香港)有限公司,中国光大
太阳国际证券有限公司,太阳国际证券
宝利证券有限公司,宝利证券
东北证券股份有限公司(资产管理),东北证券资管
万基证券有限公司,万基证券
西南证券有限责任公司(注销),西南证券(注销)
恒明珠证券有限公司,恒明珠
摩根富国证券有限公司,摩根富国
韩华投资证券公司,韩华投资
日发证券有限公司,日发证券
高信证券有限公司,高信证券
万骏证券有限公司,万骏证券
永隆证券有限公司,永隆证券
兴证国际证券有限公司,兴证国际证券
南洋证券有限公司,南洋证券
长城证券有限公司,长城证券有限
金力证券有限公司,金力证券
国金证券(香港)有限公司,国金证券(香港)
汇生证券有限公司,汇生证券
麦盛证券有限公司,麦盛证券
第一创业证券承销保荐有限责任公司,第一创业承销
万和证券股份有限公司国际部,万和证券国际部
北京首通证券香港集团有限公司,北京首通证券
元大证券株式会社,元大证券会社
元大证券股份有限公司,元大证券
南国国际证券有限公司,南国国际证券
中阳证券有限公司,中阳证券
金贝塔证券有限公司,金贝塔证券
玖富证券有限公司,玖富证券
山证国际证券有限公司,山证国际证券
中民证券(香港)有限公司,中民证券
华金证券(国际)有限公司,华金证券(国际)
永发证券有限公司,永发证券
工银国际证券有限公司,工银国际证券
东方汇财证券有限公司,东方汇财
有进投资证券公司,有进投资
核聚证券有限公司,核聚证券
华兴证券(香港)有限公司,华兴证券
高盛(亚洲)证券有限公司,高盛(亚洲)
摩根大通证券(亚太)公司,摩根大通证券亚太
摩根大通证券股份有限公司,摩根大通证券
大正证券有限公司,大正证券
格林证券有限公司,格林证券
中富证券有限公司,中富证券公司
华大证券有限公司,华大证券
方德证券有限公司,方德证券
金联证券有限公司,金联证券
常盛证券有限公司,常盛证券
福亿证券有限公司,福亿证券
钜亨证券有限公司,钜亨证券
中顺证券期货有限公司,中顺证券
宏大证券有限公司,宏大证券
智易东方证券有限公司,智易东方
民众证券有限公司,民众证券
中策富汇证券有限公司,中策富汇
汇通永利亚洲有限公司,汇通永利
富汇证券有限公司,富汇证券
金桥香港证券有限公司,金桥证券
海通证券(香港)有限公司,海通证券（香港）
国际证券(全球)控股股份有限公司上海代表,国际证券公司上海代表
新日本证券国际(香港)有限公司,新日本证券国际（香港）
国际证券(香港)有限公司,国际证券（香港）
ING霸菱证券(香港)有限公司,ING霸菱证券（香港）
中信证券股份有限公司市场开发部(非营业场所),中信证券市场开发部(非营业场所)
大和证券住银资本市场(香港)有限公司,大和证券住银资本市场（香港）
吴玉钦证券(香港)有限公司,吴玉钦证券（香港）
荷兰证券(远东)有限公司,荷兰证券（远东）
华泰证券(香港)有限公司,华泰证券（香港）
摩根大通证券(亚太)有限公司,摩根大通证券（亚太）
长江证券(香港)有限公司,长江证券（香港）
光大证券股份有限公司(北京固定收益部),光大证券(北京固定收益部)
华盛资本证券有限公司,华盛资本
中国建信金融服务有限公司,中国建信金融
中国科技证券有限责任公司,科技证券
兴利证券有限公司,兴利证券
德健证券有限公司,德健证券
东吴证券中新(新加坡)有限公司,东吴中新
汇能证券有限公司,汇能证券
国顺证券有限公司,国顺证券
裕通证券有限公司,裕通证券
东盛证券(经纪)有限公司,东盛证券(经纪)
太和证券有限公司,太和证券
云锋证券有限公司,云锋证券
基石证券有限公司,基石证券
民银国际证券有限公司,民银国际
寰盈国际(亚洲)有限公司,寰盈国际(亚洲)
暐日证券有限公司,暐日证券
新确证券有限公司,新确证券
安信证券股份有限公司创新自营Alpha策略组,安信证券创新自营Alpha策略组
林达证券有限公司,林达证券
联昌证券有限公司,联昌证券
升辉证券有限公司,升辉证券
博大证券有限公司,博大证券
盛源证券有限公司,盛源证券
创侨证券有限公司,创侨证券
永丰证券有限公司,永丰证券
泰金证券及期货有限公司,泰金证券及期货
永安祥证券有限公司,永安祥
源盛证券有限公司,源盛证券
迈高达证券有限公司,迈高达
德意志证券亚洲有限公司,德意志
英皇证券(香港)有限公司,英皇证券(香港)
讯汇证券有限公司,讯汇证券
信达国际证券有限公司,信达国际证券
Credit Suisse Securities (Hong Kong) Limited,CREDIT SUISSE SECURITIES
国都证券(香港)有限公司,国都证券(香港)
统一证券﹝香港﹞有限公司,统一
海通国际证券有限公司,海通国际证券
华林证券股份有限公司北京区域中心,华林证券北京区域中心
石匠环球金服有限公司,石匠环球金服
东海国际证券(香港)有限公司,东海国际证券(香港)
华林证券股份有限公司广州区域中心,华林证券广州区域中心
蜂投证券有限公司,蜂投证券
麦格理证券股份有限公司,麦格理证券
华林证券股份有限公司深圳区域中心,华林证券深圳区域中心
勒泰证券(香港)有限公司,勒泰证券
荣兴证券有限公司,荣兴证券
万德资本有限公司,万德资本
亿声证券有限公司,亿声证券
中达证券投资有限公司,中达证券投资
升悦证券有限公司,升悦证券
权威证券有限公司,权威证券
中和证券国际有限公司,中和证券
富邦综合证券股份有限公司,富邦综合证券
鼎成证券有限公司,鼎成证券
越秀证券有限公司,越秀证券有限
富泽证券有限公司,富泽证券
昊天国际证券有限公司,昊天国际证券
新华证券(香港)有限公司,新华证券(香港)
小牛金服证券有限公司,小牛金服证券
宏汇证券有限公司,宏汇证券
骏升证券有限公司,骏升证券
佳富达证券有限公司,佳富达
中港通证券有限公司,中港通证券
大湾证券(香港)有限公司,大湾证券(香港)
中国天元证券有限公司,中国天元证券
中楷证券有限公司,中楷证券
高氏兄弟证券有限公司,高氏兄弟
东方汇理证券(亚洲)有限公司,东方汇理证券(亚洲)
百利证券有限公司,百利证券
华林证券股份有限公司安徽区域中心,华林证券安徽区域中心
申万宏源(香港)有限公司,申万宏源
富运证券有限公司,富运证券
BNP Paribas Securities Services,BNP PARIBAS SECURITIES
西证(香港)证券经纪有限公司,西证(香港)
亚贝隆证券有限公司,亚贝隆证券
中融平和证券有限公司,中融平和
力高证券有限公司,力高证券
中南金融有限公司,中南金融
瑞邦证券有限公司,瑞邦证券
长亚证券有限公司,长亚证券
金源证券有限公司,金源证券
中国国际证券有限公司,中国国际证券
富盈证券集团有限公司,富盈证券
敦沛中亚证券有限公司,敦沛中亚
信亨证券有限公司,信亨证券
上银证券有限公司,上银证券
太平洋国际证券有限公司,太平洋国际证券
浩丰证券投资有限公司,浩丰证券
时富金融服务集团有限公司,时富金融服务集团
易易壹证券有限公司,易易壹证券
顺隆证券行有限公司,顺隆证券行
高银(证券)有限公司,高银证券
亚投证券有限公司,亚投证券
艾德证券期货有限公司,艾德证券期货
中国新金融证券有限公司,中国新金融证券
华邦证券有限公司,华邦证券
Sunrise Brokers(Hong Kong)Limited,SUNRISEBRO
中州国际证券有限公司,中州国际证券
中融国际证券有限公司,中融国际证券
中佳证券有限公司,中佳证券
未来资产证券(香港)有限公司,未来资产证券(香港)
美高证券有限公司,美高证券
亚洲创富证券有限公司,亚洲创富证券
天晟证券有限公司,天晟证券
蓝山证券有限公司,蓝山证券
中原证券有限公司,中原证券有限
华晖证券有限公司,华晖证券
英皇证券集团有限公司,英皇证券
恒生证券有限公司,恒生证券
元富证券(香港)有限公司,元富证券香港
新鸿基投资服务有限公司,新鸿基
大华继显(香港)有限公司,大华继显
安捷证券有限公司,安捷证券
英华证券有限公司,英华证券
永安证券有限公司,永安证券
东信证券有限公司,东信证券
嘉利证券投资有限公司,嘉利证券
宏旺证券有限公司,宏旺证券
惠兴证券有限公司,惠兴证券
鸿运证券有限公司,鸿运证券
同信证券有限公司,同信证券
秦志远证券有限公司,秦志远
时代证券有限公司,时代证券
腾记证券有限公司,腾记证券
德丰证券投资有限公司,德丰证券投资
大辉证券有限公司,大辉证券
大业证券有限公司,大业证券
大宁证券有限公司,大宁证券
哥连顿证券投资有限公司,哥连顿
东美证券有限公司,东美证券
名汇证券有限公司,名汇证券
汉华证券有限公司,汉华证券
长雄证券有限公司,长雄证券
天发证券有限公司,天发证券
鹰达证券有限公司,鹰达证券
海富证券有限公司,海富证券
大众金融证券有限公司,大众金融
昌盛证券有限公司,昌盛证券
辉立证券(香港)有限公司,辉立证券
金丰证券有限公司,金丰证券
恒盛证券有限公司,恒盛证券
金旭证券有限公司,金旭
太平基业证券有限公司,太平基业
东英亚洲证券有限公司,东英亚洲
恒富证券有限公司,恒富证券
利星行证券有限公司,利星行证券
李氏证券有限公司,李氏证券
刘氏证券有限公司,刘氏证券
广发行证券有限公司,广发行
国兴证券有限公司,国兴证券
均益证券(国际)有限公司,均益证券
高勤证券有限公司,高勤证券
金利丰证券有限公司,金利丰
金辉证券有限公司,金辉证券
日盛嘉富证券国际有限公司,日盛嘉富
香港宏侨投资有限公司,香港宏侨
兴盛香港证券有限公司,兴盛证券
凯敏证券有限公司,凯敏证券
兴业证券有限公司,兴业证券有限
恒亿证券有限公司,恒亿证券
亨达证券有限公司,亨达证券
进汇证券有限公司,进汇证券
明富环球香港有限公司,明富环球
进升证券有限公司,进升证券
鸿鹏资本证券有限公司,鸿鹏资本
金唐国际证券有限公司,金唐国际
众利股票有限公司,众利股票
国泰君安国际控股有限公司,国泰君安国际
昭海金融证券有限公司,昭海金融证券
新城晋峰证券有限公司,新城晋峰
太平行证券有限公司,太平行
中华汇财金融有限公司,中华汇财
华亿证券有限公司,华亿证券
华泰证券有限公司,华泰证券
博威环球证券有限公司,博威环球证券
创富证券有限公司,创富证券
中新证券有限公司,中新证券
果树证券有限公司,果树证券
创升证券有限公司,创升证券
万海证券有限公司,万海证券
明兴国际证券有限公司,明兴证券
京华山一证券(香港)有限公司,京华山一证券
J.P.Morgan Securities(Far East)Limited,J.P.Morgan Securities(Far East)
第一金和升证券有限公司,第一金和升
复星恒利证券有限公司,复星恒利
太阳证券有限公司,太阳证券
粤商国际证券有限公司,粤商国际
志升证券有限公司,志升证券
建行证券有限公司,建行证券
华裕证券有限公司,华裕证券
东方财富国际证券有限公司,东方财富国际
恒泰证券有限公司(香港),恒泰证券香港
民泰证券有限公司,民泰证券
勤丰证券有限公司,勤丰证券
亿康证券有限公司,亿康证券
海通证券股份有限公司(注销),海通证券(注销)
招商证券(香港)有限公司,招商证券(香港)
大丰证券有限公司,大丰证券
六福证券(香港)有限公司,六福证券
中盈证券有限公司,中盈证券
利盟证券有限公司,利盟证券
中升证券有限公司,中升证券
倍牛证券有限公司,倍牛证券
香江证券有限公司,香江证券
上高证券有限公司,上高证券
黄河证券有限公司,黄河证券
明汉证券有限公司,明汉证券
华星证券有限公司,华星证券
民银证券有限公司,民银证券
耀盛证券有限公司,耀盛证券
汇福证券及期货有限公司,汇福证券及期货
擎天证券有限公司,擎天证券
宇博证券有限公司,宇博证券
中天国富证券有限公司固定收益部,中天国富证券固定收益部
中天国富证券有限公司,中天国富
招商证券股份有限公司青岛公司,招商证券青岛公司
中银国际证券有限公司,中银国际证券(香港)
环球大通证券有限公司,环球大通证券
国开证券股份有限公司,国开证券
茂宸证券有限公司,茂宸证券
PF Group Holdings Limited,PF GROUP
集美证券有限公司,集美证券
东亚前海证券有限责任公司,东亚前海证券
京华山一国际(香港)有限公司,京华山一
东亚证券有限公司,东亚证券
宏高证券有限公司,宏高证券
香港国际证券有限公司,香港国际证券
工银亚洲证券有限公司,工银亚洲证券
中国金洋证券有限公司,金洋证券
瑞银证券(香港)有限公司,香港瑞银
致富证券有限公司,致富证券
华融国际证券有限公司,华融国际证券
万兆丰国际证券有限公司,万兆丰证券
MUFG Securities Asia Limited,MUFG SECURITIES
Nomura Securities (Hong Kong) Limited,NOMURA SECURITIES (HONG KONG)
中投证券国际经纪有限公司,中投国际
金裕富证券有限公司,金裕富证券
富银证券有限公司,富银证券
格理昂证券有限公司,格理昂证券
同方证券有限公司,同方证券
基业证券投资有限公司,基业证券投资
瑞丰证券有限公司,瑞丰证券
一盈证券有限公司,一盈证券
晋亿证券有限公司,晋亿证券
宏进证券有限公司,宏进证券
狮子国际证券集团有限公司,狮子国际证券
高钲证券有限公司,高钲证券
保兴汇财证券有限公司,保兴汇财证券
盛丰环球证券有限公司,盛丰环球证券
永裕证券有限公司,永裕证券
雅景证券股份有限公司,雅景证券
胜利证券(控股)有限公司,胜利证券
中泰证券股份有限公司机构客户部,中泰证券机构客户部
尊嘉证券(香港)有限公司,尊嘉证券
泰合证券有限公司,泰合证券
创市证券有限公司,创市证券
长城证券股份有限公司上海二部,长城证券上海二部
长城证券股份有限公司上海一部,长城证券上海一部
汇丰前海证券有限责任公司,汇丰前海证券
友盈证券有限公司,友盈证券
劲域证券有限公司,劲域证券
申港证券股份有限公司国际部,申港证券国际部
常青证券有限公司,常青证券
汉英证券有限公司,汉英证券
龙汇证券有限公司,龙汇证券
中银国际证券股份有限公司,中银国际证券
中银国际证券股份有限公司国际部,中银国际证券国际部
联昌证券国际私人有限公司,联昌证券私人公司
花旗环球金融中国有限公司,花旗环球金融中国
凯汇资本证券有限公司,凯汇资本
团结证券有限公司,团结证券
冠泓证券有限公司,冠泓证券
长城证券股份有限公司天晖中街证券营部,长城证券成都天晖中街营部